{
  "miner-06-5f4hanqjax-1": {
    "pod_id": "miner-06-5f4hanqjax-1",
    "processed": 38,
    "successful": 37,
    "hard_failed": 0,
    "hard_overtime": 1,
    "time_min": 51.69652390794363,
    "time_max": 143.95158606790937,
    "time_avg": 83.0747625177185,
    "time_median": 74.39113944792189,
    "marked_bad": false,
    "retry_cumulative_delta": -9.337124911951832,
    "retry_delta_count": 1,
    "termination_reason": "no work available"
  },
  "miner-06-5f4hanqjax-2": {
    "pod_id": "miner-06-5f4hanqjax-2",
    "processed": 28,
    "successful": 26,
    "hard_failed": 0,
    "hard_overtime": 2,
    "time_min": 49.141742781037465,
    "time_max": 158.13586149399634,
    "time_avg": 87.31816560962201,
    "time_median": 80.8086936834734,
    "marked_bad": false,
    "retry_cumulative_delta": -20.959068858996034,
    "retry_delta_count": 1,
    "termination_reason": "no work available"
  },
  "miner-06-5f4hanqjax-3": {
    "pod_id": "miner-06-5f4hanqjax-3",
    "processed": 31,
    "successful": 30,
    "hard_failed": 0,
    "hard_overtime": 1,
    "time_min": 52.28626027004793,
    "time_max": 148.6948348931037,
    "time_avg": 81.90102395780075,
    "time_median": 77.39325781702064,
    "marked_bad": false,
    "retry_cumulative_delta": -0.6241101999767125,
    "retry_delta_count": 1,
    "termination_reason": "no work available"
  },
  "miner-06-5f4hanqjax-0": {
    "pod_id": "miner-06-5f4hanqjax-0",
    "processed": 35,
    "successful": 34,
    "hard_failed": 0,
    "hard_overtime": 1,
    "time_min": 54.93922370392829,
    "time_max": 143.89730541303288,
    "time_avg": 84.84902686572097,
    "time_median": 81.71324667800218,
    "marked_bad": false,
    "retry_cumulative_delta": -29.45210145507008,
    "retry_delta_count": 1,
    "termination_reason": "no work available"
  }
}