{
  "miner-04-leader-3": {
    "pod_id": "miner-04-leader-3",
    "processed": 11,
    "successful": 9,
    "hard_failed": 1,
    "hard_overtime": 1,
    "time_min": 35.976722367995535,
    "time_max": 125.2812608690001,
    "time_avg": 87.17330038149703,
    "time_median": 87.85568705999322,
    "marked_bad": false,
    "retry_cumulative_delta": 8.912439933003043,
    "retry_delta_count": 1,
    "termination_reason": "no work available"
  },
  "miner-04-leader-0": {
    "pod_id": "miner-04-leader-0",
    "processed": 16,
    "successful": 14,
    "hard_failed": 0,
    "hard_overtime": 2,
    "time_min": 45.82825727800082,
    "time_max": 108.47016646199336,
    "time_avg": 81.24452706961445,
    "time_median": 79.66144063000684,
    "marked_bad": false,
    "retry_cumulative_delta": -12.385590368008707,
    "retry_delta_count": 1,
    "termination_reason": "no work available"
  },
  "miner-04-leader-2": {
    "pod_id": "miner-04-leader-2",
    "processed": 12,
    "successful": 9,
    "hard_failed": 2,
    "hard_overtime": 1,
    "time_min": 33.504364384003566,
    "time_max": 168.80517292600416,
    "time_avg": 86.48314912389066,
    "time_median": 94.67247719199804,
    "marked_bad": false,
    "retry_cumulative_delta": 0.5002241619949928,
    "retry_delta_count": 1,
    "termination_reason": "no work available"
  },
  "miner-04-leader-1": {
    "pod_id": "miner-04-leader-1",
    "processed": 18,
    "successful": 14,
    "hard_failed": 2,
    "hard_overtime": 2,
    "time_min": 30.233586921007372,
    "time_max": 147.23451566899894,
    "time_avg": 77.96244307993142,
    "time_median": 71.7934512435022,
    "marked_bad": false,
    "retry_cumulative_delta": -29.641397571991547,
    "retry_delta_count": 2,
    "termination_reason": "no work available"
  }
}