{
  "miner-03-5f4hanqjax-3": {
    "pod_id": "miner-03-5f4hanqjax-3",
    "processed": 39,
    "successful": 35,
    "hard_failed": 1,
    "hard_overtime": 3,
    "performance_samples": [
      122.0011607170004,
      96.55878144300004,
      103.98013912399983,
      93.39854155400008,
      169.4971933689999,
      93.45594596799992,
      61.74586408799996,
      73.97601049800005,
      72.8683802229998,
      77.47080945400012,
      117.80849009600024,
      80.35689801399985,
      108.3930088219995,
      97.62833280300038,
      64.07971661099964,
      86.94964818300014,
      63.553071347000696,
      53.63771155299946,
      106.36323631799951,
      106.70393476499976,
      66.75674586700006,
      87.87649330400018,
      82.25102967299972,
      78.33177191899995,
      85.49600623700007,
      131.72404511900004,
      99.2233310319998,
      105.11600221400022,
      78.33742240399988,
      55.05797772000005,
      75.40855931699934,
      140.4612414610001,
      115.16138963400044
    ],
    "marked_bad": false,
    "retry_cumulative_delta": -179.83745195999973,
    "retry_delta_count": 2,
    "termination_reason": "no work available"
  },
  "miner-03-5f4hanqjax-1": {
    "pod_id": "miner-03-5f4hanqjax-1",
    "processed": 49,
    "successful": 46,
    "hard_failed": 0,
    "hard_overtime": 3,
    "performance_samples": [
      121.52791773799981,
      179.4694224650002,
      87.41127232400004,
      81.7833843379999,
      72.47014947700018,
      96.1154077340002,
      82.60741374600002,
      98.07231974899969,
      75.3194340340001,
      122.83546725499991,
      91.91692029400019,
      133.5116415169996,
      74.70459734700034,
      107.2217554660001,
      75.13275154800021,
      55.64390821799998,
      63.146938161000435,
      102.87477674099955,
      171.49108479900042,
      55.12109609199979,
      114.1008622420004,
      104.3448942340001,
      81.96483096199972,
      58.256001916999594,
      144.32009540200033,
      70.6742964060004,
      66.11916338100036,
      50.987321742999484,
      56.25882647399976,
      116.22927599600007,
      99.47291578499971,
      92.14832028100045,
      71.67685037800038,
      62.77235321199987,
      46.935851659000036,
      53.7344070930003,
      52.38537421500041,
      85.76631357499991,
      59.24293516000034,
      64.16121647299951,
      98.80077026399977,
      61.81133010800022,
      89.07342121500005,
      92.75971075199959
    ],
    "marked_bad": false,
    "retry_cumulative_delta": -76.12397743103065,
    "retry_delta_count": 2,
    "termination_reason": "no work available"
  },
  "miner-03-5f4hanqjax-0": {
    "pod_id": "miner-03-5f4hanqjax-0",
    "processed": 40,
    "successful": 34,
    "hard_failed": 0,
    "hard_overtime": 6,
    "performance_samples": [
      137.26866496899993,
      108.63474135999968,
      71.46769913600019,
      96.81600981499969,
      144.0129928399997,
      72.75725288600006,
      139.93946792800034,
      67.51993359699964,
      141.35226517,
      65.06886673300005,
      66.25155591199973,
      140.4437146780001,
      136.5027137889997,
      93.55884257199978,
      160.84094088700022,
      88.1774376859994,
      114.74801455800025,
      85.2906186220007,
      58.53520439299973,
      178.9278820949994,
      91.25197129500066,
      135.42275482400055,
      94.41170559800048,
      130.31791484299993,
      69.35673383699941,
      99.44716433999929,
      64.36633430800066,
      57.34584280499985,
      88.42544469699988,
      122.70794659199964,
      68.93437692499992,
      61.41520402799961,
      55.86469979499998,
      93.16616491900004
    ],
    "marked_bad": false,
    "retry_cumulative_delta": 0.0,
    "retry_delta_count": 0,
    "termination_reason": "no work available"
  },
  "miner-03-5f4hanqjax-2": {
    "pod_id": "miner-03-5f4hanqjax-2",
    "processed": 43,
    "successful": 38,
    "hard_failed": 0,
    "hard_overtime": 5,
    "performance_samples": [
      136.9221562990001,
      76.88594289099956,
      143.7668636989997,
      64.62601538100034,
      131.17025729499983,
      82.2397030279999,
      136.29841459199997,
      73.57278936299963,
      79.90094856199994,
      44.7514683710001,
      67.6793109350001,
      127.32074792200001,
      61.70269117400039,
      69.42532310299976,
      97.20960844299952,
      84.66425164799966,
      60.48272886099949,
      108.7723928989999,
      46.29023378799957,
      94.37403440599974,
      60.5915922840004,
      87.28549087600004,
      95.98311862899936,
      125.09231187899968,
      48.9759597960001,
      44.1473309919993,
      51.907290397,
      66.70910301099957,
      80.31434832500054,
      64.99169682899992,
      143.70721269599926,
      86.38939193099941,
      86.76106339000034,
      146.6579059579999,
      116.68503748000057,
      48.5311703769994,
      136.82244332400023
    ],
    "marked_bad": false,
    "retry_cumulative_delta": 76.76458146600089,
    "retry_delta_count": 1,
    "termination_reason": "no work available"
  },
  "miner-03-5f4hanqjax-4": {
    "pod_id": "miner-03-5f4hanqjax-4",
    "processed": 0,
    "successful": 0,
    "hard_failed": 0,
    "hard_overtime": 0,
    "performance_samples": [],
    "marked_bad": false,
    "retry_cumulative_delta": 0.0,
    "retry_delta_count": 0,
    "termination_reason": "no work available"
  }
}