{
  "miner-03-leader-1": {
    "pod_id": "miner-03-leader-1",
    "processed": 16,
    "successful": 10,
    "hard_failed": 3,
    "hard_overtime": 3,
    "time_min": 47.85266642299757,
    "time_max": 175.70267882199914,
    "time_avg": 132.58696152549928,
    "time_median": 142.31348199249987,
    "marked_bad": true,
    "retry_cumulative_delta": 0.0,
    "retry_delta_count": 0,
    "termination_reason": "rolling median 157.3s > 120.0s"
  },
  "miner-03-leader-3": {
    "pod_id": "miner-03-leader-3",
    "processed": 22,
    "successful": 14,
    "hard_failed": 4,
    "hard_overtime": 4,
    "time_min": 70.91305435100003,
    "time_max": 147.71796066000024,
    "time_avg": 97.81903666749973,
    "time_median": 85.35529142899941,
    "marked_bad": true,
    "retry_cumulative_delta": 0.0,
    "retry_delta_count": 0,
    "termination_reason": "4 failures + 4 overtimes >= 8"
  },
  "miner-03-leader-4": {
    "pod_id": "miner-03-leader-4",
    "processed": 20,
    "successful": 13,
    "hard_failed": 0,
    "hard_overtime": 7,
    "time_min": 28.026087566999195,
    "time_max": 167.93456311499904,
    "time_avg": 77.12711480961494,
    "time_median": 61.43248060800033,
    "marked_bad": false,
    "retry_cumulative_delta": 0.0,
    "retry_delta_count": 0,
    "termination_reason": "no work available"
  },
  "miner-03-leader-2": {
    "pod_id": "miner-03-leader-2",
    "processed": 61,
    "successful": 55,
    "hard_failed": 1,
    "hard_overtime": 5,
    "time_min": 31.061222927997733,
    "time_max": 156.65936891000092,
    "time_avg": 81.42397689615046,
    "time_median": 73.70212835200073,
    "marked_bad": false,
    "retry_cumulative_delta": -248.8088652419974,
    "retry_delta_count": 1,
    "termination_reason": "no work available"
  },
  "miner-03-leader-0": {
    "pod_id": "miner-03-leader-0",
    "processed": 58,
    "successful": 50,
    "hard_failed": 0,
    "hard_overtime": 8,
    "time_min": 34.45840438599771,
    "time_max": 167.4307361630017,
    "time_avg": 87.8758153331998,
    "time_median": 82.21238199149957,
    "marked_bad": true,
    "retry_cumulative_delta": 0.0,
    "retry_delta_count": 0,
    "termination_reason": "0 failures + 8 overtimes >= 8"
  },
  "miner-03-leader-5": {
    "pod_id": "miner-03-leader-5",
    "processed": 9,
    "successful": 4,
    "hard_failed": 5,
    "hard_overtime": 0,
    "time_min": 83.24880677399779,
    "time_max": 154.62505389500075,
    "time_avg": 121.1691122127495,
    "time_median": 123.40129409099973,
    "marked_bad": false,
    "retry_cumulative_delta": 0.0,
    "retry_delta_count": 0,
    "termination_reason": "stopped"
  }
}