{
  "miner-03-leader-1": {
    "pod_id": "miner-03-leader-1",
    "processed": 20,
    "successful": 11,
    "hard_failed": 3,
    "hard_overtime": 6,
    "time_min": 52.25579948500126,
    "time_max": 166.3781140480005,
    "time_avg": 104.72062306636393,
    "time_median": 109.40068080600031,
    "marked_bad": true,
    "retry_cumulative_delta": 0.0,
    "retry_delta_count": 0,
    "termination_reason": "3 failures + 5 overtimes >= 8"
  },
  "miner-03-leader-3": {
    "pod_id": "miner-03-leader-3",
    "processed": 23,
    "successful": 17,
    "hard_failed": 1,
    "hard_overtime": 5,
    "time_min": 47.235398462999,
    "time_max": 174.82625435800037,
    "time_avg": 117.52199116305864,
    "time_median": 123.11928454000008,
    "marked_bad": true,
    "retry_cumulative_delta": 0.0,
    "retry_delta_count": 0,
    "termination_reason": "rolling median 130.4s > 120.0s"
  },
  "miner-03-leader-0": {
    "pod_id": "miner-03-leader-0",
    "processed": 63,
    "successful": 54,
    "hard_failed": 1,
    "hard_overtime": 8,
    "time_min": 36.17202680099945,
    "time_max": 154.47887687799994,
    "time_avg": 78.26119810637749,
    "time_median": 72.22255766200033,
    "marked_bad": true,
    "retry_cumulative_delta": -63.775953389998904,
    "retry_delta_count": 1,
    "termination_reason": "1 failures + 7 overtimes >= 8"
  },
  "miner-03-leader-2": {
    "pod_id": "miner-03-leader-2",
    "processed": 63,
    "successful": 57,
    "hard_failed": 1,
    "hard_overtime": 5,
    "time_min": 28.932946630000515,
    "time_max": 164.65634070100168,
    "time_avg": 86.42083000064149,
    "time_median": 75.97867277399928,
    "marked_bad": false,
    "retry_cumulative_delta": -316.1218421989961,
    "retry_delta_count": 3,
    "termination_reason": "no work available"
  },
  "miner-03-leader-4": {
    "pod_id": "miner-03-leader-4",
    "processed": 20,
    "successful": 12,
    "hard_failed": 2,
    "hard_overtime": 6,
    "time_min": 41.24063920200206,
    "time_max": 154.4570963110018,
    "time_avg": 83.74732671933391,
    "time_median": 75.02647017550044,
    "marked_bad": true,
    "retry_cumulative_delta": 0.0,
    "retry_delta_count": 0,
    "termination_reason": "2 failures + 6 overtimes >= 8"
  },
  "miner-03-leader-5": {
    "pod_id": "miner-03-leader-5",
    "processed": 14,
    "successful": 4,
    "hard_failed": 5,
    "hard_overtime": 5,
    "time_min": 71.43344224100292,
    "time_max": 88.12736307899831,
    "time_avg": 79.45203113824937,
    "time_median": 79.12365961649812,
    "marked_bad": true,
    "retry_cumulative_delta": 0.0,
    "retry_delta_count": 0,
    "termination_reason": "3 failures + 5 overtimes >= 8"
  }
}